{"test":"nvme","devices":16,"read_GBps":52.269935966,"write_GBps":25.87717058}
