{"test":"nvme","devices":16,"read_GBps":52.260344373,"write_GBps":25.876960991}
